sensor_id,sensor_description,sensor_name,installation_date,status,note,direction_1,direction_2,latitude,longitude,location
55,Elizabeth St-La Trobe St (East),Eli380_T,2018/07/19,A,,North,South,-37.80988941,144.96134331,"(-37.80988941, 144.96134331)"
45,Little Collins St-Swanston St (East),Swa148_T,2017/06/29,A,,North,South,-37.81414074,144.9660938,"(-37.81414074, 144.9660938)"
61,RMIT Building 14,RMIT14_T,2019/06/28,A,,North,South,-37.80767455,144.96309115,"(-37.80767455, 144.96309115)"
7,Birrarung Marr,Fed_T,2014/12/17,A,,East,West,-37.81862929,144.97169395,"(-37.81862929, 144.97169395)"
72,Flinders St- ACMI,ACMI_T,2020/11/30,A,,East,West,-37.81726337,144.96872809,"(-37.81726337, 144.96872809)"
62,La Trobe St (North),Lat224_T,2019/09/25,A,,East,West,-37.80996494,144.96216521,"(-37.80996494, 144.96216521)"
63,231 Bourke St,Bou231_T,2020/01/07,A,,East,West,-37.81333081,144.96675572,"(-37.81333081, 144.96675572)"
14,Sandridge Bridge,SanBri_T,2019/09/25,A,,North,South,-37.82011242,144.96291898,"(-37.82011242, 144.96291898)"
41,Flinders La-Swanston St (West),Swa31,2017/06/29,A,,North,South,-37.81668633,144.96689733,"(-37.81668633, 144.96689733)"
25,Melbourne Convention Exhibition Centre,MCEC_T,2019/10/02,A,Sensor relocated from 14 to 25 on 2/10/2019,East,West,-37.82401776,144.95604426,"(-37.82401776, 144.95604426)"
60,Flinders La - Swanston St (West) Temporary,Swa31T_T,2019/03/08,R,Temporary for the duration of the metro tunnel works. Installed under the scaffolding.,North,South,-37.81668188,144.9668954,"(-37.81668188, 144.9668954)"
64,Royal Pde - Grattan St,Grat292_T,2020/01/16,A,,North,South,-37.79949544,144.95792282,"(-37.79949544, 144.95792282)"
39,Alfred Place,AlfPl_T,2019/12/04,A,In 4/12/2019 sensor upgraded,South,North,-37.81379749,144.96995745,"(-37.81379749, 144.96995745)"
17,Collins Place (South),Col15_T,2009/03/30,A,Device is upgraded in 26/02/2020,East,West,-37.81362542,144.97323592,"(-37.81362542, 144.97323592)"
65,Swanston St - City Square,SwaCs_T,2020/03/12,A,,North,South,-37.81569416,144.96680641,"(-37.81569416, 144.96680641)"
66,State Library - New,QVN_T,2020/04/06,A,,South,North,-37.81057845,144.96444294,"(-37.81057845, 144.96444294)"
15,State Library,QV_T,2009/03/25,R,,South,North,-37.81064378,144.96447132,"(-37.81064378, 144.96447132)"
67,Flinders Ln -Degraves St (South),FLDegS_T,2020/06/03,A,,East,West,-37.81688755,144.9656257,"(-37.81688755, 144.9656257)"
47,Melbourne Central-Elizabeth St (East),Eli250_T,2017/08/24,A,,South,North,-37.81160331,144.96220077,"(-37.81160331, 144.96220077)"
68,Flinders Ln -Degraves St (North),FLDegN_T,2020/06/03,A,,East,West,-37.81684789,144.96559789,"(-37.81684789, 144.96559789)"
69,Flinders Ln -Degraves St (Crossing),FLDegC_T,2020/06/03,A,,North,South,-37.81687225,144.96559145,"(-37.81687225, 144.96559145)"
3,Melbourne Central,Swa295_T,2009/03/25,A,,North,South,-37.81101523,144.96429485,"(-37.81101523, 144.96429485)"
29,St Kilda Rd-Alexandra Gardens,AG_T,2013/10/11,A,sensor upgraded from laser to 3D on 19/12/2019,North,South,-37.81965808,144.96863453,"(-37.81965808, 144.96863453)"
70,Errol Street (East),Errol20_T,2020/10/12,A,,North,South,-37.80456984,144.94946229,"(-37.80456984, 144.94946229)"
71,Westwood Place,WestWP_T,2020/10/16,A,,North,South,-37.81235775,144.97136962,"(-37.81235775, 144.97136962)"
33,Flinders St-Spring St (West),Spr13_T,2014/04/23,R,,North,South,-37.81483252,144.97454056,"(-37.81483252, 144.97454056)"
13,Flagstaff Station,Wil277_T,2009/03/24,R,,,,-37.81239679,144.95652653,"(-37.81239679, 144.95652653)"
12,New Quay,NewQ_T,2009/01/21,A,,West,East,-37.81457987,144.94292398,"(-37.81457987, 144.94292398)"
53,Collins Street (North),Col254_T,2015/09/23,A,,West,East,-37.8156419,144.965499,"(-37.8156419, 144.965499)"
9,Southern Cross Station,Col700_T,2009/03/23,A,,East,West,-37.81982992,144.95102556,"(-37.81982992, 144.95102556)"
30,Lonsdale St (South),Lon189_T,2013/10/14,A,,East,West,-37.81121849,144.96656807,"(-37.81121849, 144.96656807)"
38,Flinders St-Swanston St (West),Swa11_T,2014/12/05,R,Device has been removed (17/02/2017),,,-37.81723437,144.96715033,"(-37.81723437, 144.96715033)"
32,City Square,CSq_T,2013/12/20,R,Device has been removed (24/01/2017),,,-37.81573742,144.96685718,"(-37.81573742, 144.96685718)"
4,Town Hall (West),Swa123_T,2009/03/23,A,,South,North,-37.81487988,144.9660878,"(-37.81487988, 144.9660878)"
46,Pelham St (South),Pel147_T,2017/07/10,A,,West,East,-37.80240719,144.96156731,"(-37.80240719, 144.96156731)"
56,Lonsdale St - Elizabeth St (North),Lon364_T,2018/07/25,A,,East,West,-37.81234775,144.96153311,"(-37.81234775, 144.96153311)"
42,Grattan St-Swanston St (West),UM1_T,2015/04/15,A,,South,North,-37.80008565,144.96386412,"(-37.80008565, 144.96386412)"
5,Princes Bridge,PriNW_T,2009/03/26,A,,North,South,-37.81874249,144.96787656,"(-37.81874249, 144.96787656)"
50,Faraday St-Lygon St (West),Lyg309_T,2017/11/30,A,,North,South,-37.79808191,144.96721014,"(-37.79808191, 144.96721014)"
52,Elizabeth St-Lonsdale St (South),Eli263_T,2017/07/31,A,,West,East,-37.81252157,144.9619401,"(-37.81252157, 144.9619401)"
2,Bourke Street Mall (South),Bou283_T,2009/03/30,A,,East,West,-37.81380667,144.96516719,"(-37.81380667, 144.96516719)"
1,Bourke Street Mall (North),Bou292_T,2009/03/24,A,,West,East,-37.8134944,144.96515324,"(-37.8134944, 144.96515324)"
59,Building 80 RMIT,RMIT_T,2019/02/13,A,,North,South,-37.80825648,144.96304859,"(-37.80825648, 144.96304859)"
20,Chinatown-Lt Bourke St (South),LtB170_T,2013/09/06,A,,East,West,-37.81172913,144.9682466,"(-37.81172913, 144.9682466)"
34,Flinders St-Spark La,Fli32_T,2014/06/08,A,,East,West,-37.81537985,144.9741505,"(-37.81537985, 144.9741505)"
57,Bourke St Bridge,BouBri_T,2018/08/13,A,,West,East,-37.8176735,144.95025595,"(-37.8176735, 144.95025595)"
40,Lonsdale St-Spring St (West),Spr201_T,2015/01/19,A,,South,North,-37.80999341,144.97227588,"(-37.80999341, 144.97227588)"
31,Lygon St (West),Lyg161_T,2013/10/10,A,,South,North,-37.8016968,144.96658911,"(-37.8016968, 144.96658911)"
19,Chinatown-Swanston St (North),LtB210_T,2013/09/02,A,,East,West,-37.81237202,144.96550671,"(-37.81237202, 144.96550671)"
37,Lygon St (East),Lyg260_T,2015/02/11,A,,North,South,-37.80310271,144.96671452,"(-37.80310271, 144.96671452)"
36,Queen St (West),Que85_T,2015/01/20,A,,South,North,-37.81652527,144.96121063,"(-37.81652527, 144.96121063)"
58,Bourke St - Spencer St (North),Bou688_T,2018/09/27,A,,West,East,-37.81686074,144.95358075,"(-37.81686074, 144.95358075)"
8,Webb Bridge,WebBN_T,2009/03/24,A,,North,South,-37.82293543,144.94717511,"(-37.82293543, 144.94717511)"
11,Waterfront City,WatCit_T,2009/01/20,A,,East,West,-37.81564989,144.93970695,"(-37.81564989, 144.93970695)"
18,Collins Place (North),Col12_T,2009/03/30,A,,East,West,-37.81344861,144.97305354,"(-37.81344861, 144.97305354)"
49,QVM-Therry St (South),Eli501_T,2017/11/29,A,,West,East,-37.80730067,144.95956055,"(-37.80730067, 144.95956055)"
26,QV Market-Elizabeth St (West),Eli483_T,2013/09/28,A,,South,North,-37.80869542,144.96049404,"(-37.80869542, 144.96049404)"
16,Australia on Collins,Col270_T,2009/03/30,R,Device moved to location ID 53 (22/09/2015),,,-37.81573423,144.96521044,"(-37.81573423, 144.96521044)"
22,Flinders St-Elizabeth St (East),Eli274_T,2013/08/12,A,,South,North,-37.81786445,144.96506823,"(-37.81786445, 144.96506823)"
24,Spencer St-Collins St (North),Col620_T,2013/09/02,A,,East,West,-37.81887962,144.95449198,"(-37.81887962, 144.95449198)"
27,QV Market-Peel St,Vic_T,2013/08/16,A,,East,West,-37.80606888,144.95644693,"(-37.80606888, 144.95644693)"
28,The Arts Centre,VAC_T,2013/08/23,A,,South,North,-37.82129924,144.96879309,"(-37.82129924, 144.96879309)"
44,Tin Alley-Swanston St (West),UM3_T,2015/04/15,A,,South,North,-37.79690473,144.96440378,"(-37.79690473, 144.96440378)"
48,QVM-Queen St (East),QVMQ_T,2017/10/02,A,,East,West,-37.80631581,144.95866698,"(-37.80631581, 144.95866698)"
51,QVM-Franklin St (North),Fra118_T,2017/11/30,A,,West,East,-37.80841814,144.95906317,"(-37.80841814, 144.95906317)"
10,Victoria Point,BouHbr_T,2009/04/23,A,,West,East,-37.81876473,144.94710545,"(-37.81876473, 144.94710545)"
43,Monash Rd-Swanston St (West),UM2_T,2015/04/15,A,,South,North,-37.79844525,144.96411782,"(-37.79844525, 144.96411782)"
73,Bourke St - Spencer St (South),Bou655_T,2020/10/02,A,,West,East,-37.81695684,144.95415373,"(-37.81695684, 144.95415373)"
75,Spring St- Flinders st (West),SprFli_T,2020/12/18,A,,North,South,-37.81515275,144.97467662,"(-37.81515275, 144.97467662)"
23,Spencer St-Collins St (South),Col623_T,2013/09/02,A,,East,West,-37.81909256,144.95452749,"(-37.81909256, 144.95452749)"
54,Lincoln-Swanston (West),Swa607_T,2018/06/26,A,,South,North,-37.804024,144.963084,"(-37.804024, 144.963084)"
76,Macaulay Rd- Bellair St,KenMac_T,2021/02/20,A,,West,East,-37.79453802,144.93036194,"(-37.79453802, 144.93036194)"
21,Bourke St-Russell St (West),Rus180_T,2013/09/02,A,,South,North,-37.81244703,144.96778757,"(-37.81244703, 144.96778757)"
78,Harbour Esplanade (West) - Bike Path,HarEsB_T,2021/03/30,A,,North,South,-37.81471642,144.9446508,"(-37.81471642, 144.9446508)"
77,Harbour Esplanade (West) - Pedestrian path,HarEsP_T,2021/03/25,A,,North,South,-37.81441438,144.94433026,"(-37.81441438, 144.94433026)"
35,Southbank,SouthB_T,2021/04/15,A,River side,East,West,-37.82017828,144.96508877,"(-37.82017828, 144.96508877)"
6,Flinders Street Station Underpass,FliS_T,2009/03/25,A,Upgraded on 8/09/21,North,South,-37.81911704,144.96558256,"(-37.81911704, 144.96558256)"
